{"sections":{"custom_liquid_9akhHF":{"type":"custom-liquid","settings":{"custom_liquid":"<style>\n  .video-container {\n    margin-bottom: 40px;\n  }\n  .video-year {\n    text-align: center;\n    margin-bottom: 10px;\n    font-size: 14px;\n    color: red;\n  }\n  .video-content {\n    display: flex;\n    justify-content: space-between;\n    flex-direction: row;\n    align-items: center;\n  }\n  .video-section {\n    flex: 1;\n    padding: 0 20px;\n  }\n  .video-title {\n    font-size: 24px;\n    font-weight: bold;\n    text-align: left;\n    margin-bottom: 5px;\n  }\n  .video-author {\n    font-size: 14px;\n    text-align: left;\n  }\n  @media (max-width: 768px) {\n    .video-content {\n      flex-direction: row;\n      align-items: center; \n    }\n    .video-section {\n      padding: 0 10px;\n      margin-bottom: 0;\n    }\n    .video-title, .video-author {\n      text-align: left;\n      font-size: 12px;\n    }\n    .video-section iframe {\n      width: 150px;\n      height: 100px;\n    }\n  }\n  @media (min-width: 1200px) {\n    .video-content {\n      justify-content: center;\n    }\n    .video-section {\n      max-width: 600px;\n    }\n    .video-section iframe {\n      max-width: 100%;\n    }\n  }\n<\/style>\n\n<div style=\"padding: 20px;\">\n  <!-- 2021 Video -->\n  <div class=\"video-container\">\n    <div class=\"video-year\">2021<\/div>\n    <div class=\"video-content\">\n      <div class=\"video-section\">\n        <iframe width=\"100%\" height=\"315\" src=\"https:\/\/www.youtube.com\/embed\/VIDEO_ID_1\" frameborder=\"0\" allowfullscreen><\/iframe>\n      <\/div>\n      <div class=\"video-section\">\n        <div class=\"video-title\">POWER PLAY<\/div>\n        <div class=\"video-author\">BY DANILE LIN<\/div>\n      <\/div>\n    <\/div>\n  <\/div>\n\n  <!-- 2020 Video -->\n  <div class=\"video-container\">\n    <div class=\"video-year\">2020<\/div>\n    <div class=\"video-content\">\n      <div class=\"video-section\">\n        <iframe width=\"100%\" height=\"315\" src=\"https:\/\/www.youtube.com\/embed\/VIDEO_ID_2\" frameborder=\"0\" allowfullscreen><\/iframe>\n      <\/div>\n      <div class=\"video-section\">\n        <div class=\"video-title\">SAME BUT DIFFERENT<\/div>\n        <div class=\"video-author\">BY LOTUSINHAND<\/div>\n      <\/div>\n    <\/div>\n  <\/div>\n<\/div>","color_scheme":"","padding_top":40,"padding_bottom":52}},"section_custom_fpwCPW":{"type":"section-custom","settings":{"custom_liquid":""}}},"order":["custom_liquid_9akhHF","section_custom_fpwCPW"]}