{"name":"t:sections.footer.name","type":"footer","sections":{"custom_liquid_aLiL9c":{"type":"custom-liquid","settings":{"custom_liquid":"<style>\n  body {\n    display: flex;\n    flex-direction: column;\n    min-height: 100vh;\n    margin: 0;\n  }\n  .content {\n    flex: 1;\n  }\n  .footer {\n    text-align: center;\n    font-size: 14px;\n    color: gray;\n    padding: 10px 0;\n    background-color: white\n    position: sticky;\n    bottom: 0;\n    width: 100%;\n  }\n<\/style>\n\n\n<div class=\"footer\">\n  © 2020-2024 Swirl All Rights Reserved\n<\/div>","color_scheme":"","padding_top":40,"padding_bottom":52}}},"order":["custom_liquid_aLiL9c"]}