{"sections":{"custom_liquid_A6JeMq":{"type":"custom-liquid","settings":{"custom_liquid":"<!DOCTYPE html>\n<html lang=\"en\">\n<head>\n    <meta charset=\"UTF-8\">\n    <meta name=\"viewport\" content=\"width=device-width, initial-scale=1.0\">\n    <title>Image Section<\/title>\n    <style>\n        .container {\n            text-align: center;\n            margin: 50px auto;\n            max-width: 100%;\n        }\n        .image-container {\n            display: inline-block;\n            width: 90%; \/* Adjust width to leave some space on sides *\/\n            max-width: 600px; \/* Limit the maximum width of the image *\/\n            margin: 0 auto; \/* Center the container *\/\n        }\n        .image-container img {\n            width: 100%;\n            height: auto;\n        }\n        .caption {\n            font-family: Arial, sans-serif;\n            font-size: 14px;\n            color: #555;\n            margin-top: 10px;\n        }\n\n        \/* Responsive adjustments for screens up to 768px wide *\/\n        @media (max-width: 768px) {\n            .container {\n                margin: 20px auto;\n            }\n            .caption {\n                font-size: 12px; \/* Smaller font size for smaller screens *\/\n            }\n            .image-container {\n                width: 80%; \/* Further reduce the width for mobile *\/\n            }\n        }\n    <\/style>\n<\/head>\n<body>\n    <div class=\"container\">\n        <div class=\"image-container\">\n            <a href=\"https:\/\/lh3.googleusercontent.com\/pw\/AP1GczOHwDXB5g7MoZZltIwHIQ_gdI5I2JFckZWJ3gn7-Gk-WibE7fhvmQNfD0D6eavDWNNG7ja6WovPqQLn6mMGt3geiol0vNoBYqLkHCARi8nc8xuItaw=w2400?source=screenshot.guru\">\n                <img src=\"https:\/\/lh3.googleusercontent.com\/pw\/AP1GczOHwDXB5g7MoZZltIwHIQ_gdI5I2JFckZWJ3gn7-Gk-WibE7fhvmQNfD0D6eavDWNNG7ja6WovPqQLn6mMGt3geiol0vNoBYqLkHCARi8nc8xuItaw=w600-h315-p-k\" alt=\"From 'SUNBATH' BY IKEBULL, 5.1.2024\">\n            <\/a>\n        <\/div>\n        <div class=\"caption\">From 'SUNBATH' BY IKEBULL, 5.1.2024<\/div>\n    <\/div>\n<\/body>\n<\/html>","color_scheme":"","padding_top":40,"padding_bottom":52}}},"order":["custom_liquid_A6JeMq"]}