{"name":"t:sections.header.name","type":"header","sections":{"header":{"type":"header","custom_css":[],"settings":{"logo_position":"middle-left","menu":"menu","menu_type_desktop":"dropdown","sticky_header_type":"on-scroll-up","show_line_separator":false,"color_scheme":"scheme-1","menu_color_scheme":"scheme-1","enable_country_selector":true,"enable_language_selector":true,"enable_customer_avatar":true,"mobile_logo_position":"center","margin_bottom":0,"padding_top":20,"padding_bottom":12}}},"order":["header"]}