{"sections":{"custom_liquid_A6JeMq":{"type":"custom-liquid","settings":{"custom_liquid":"<!DOCTYPE html>\n<html lang=\"en\">\n<head>\n    <meta charset=\"UTF-8\">\n    <meta name=\"viewport\" content=\"width=device-width, initial-scale=1.0\">\n    <title>Image Section<\/title>\n    <style>\n        .container {\n            text-align: center;\n            margin: 20px auto; \/* Reduced margin *\/\n            max-width: 100%;\n        }\n        .image-container {\n            display: inline-block;\n            width: 90%; \/* Adjust width to leave some space on sides *\/\n            max-width: 600px; \/* Limit the maximum width of the image *\/\n            margin: 0 auto; \/* Center the container *\/\n            padding-top: 0; \/* Removed extra padding *\/\n        }\n        .image-container img {\n            width: 100%;\n            height: auto;\n        }\n        .caption {\n            font-family: Arial, sans-serif;\n            font-size: 14px;\n            color: #555;\n            margin-top: 10px;\n        }\n\n        \/* Responsive adjustments for screens up to 768px wide *\/\n        @media (max-width: 768px) {\n            .container {\n                margin: 10px auto; \/* Reduced margin for smaller screens *\/\n            }\n            .caption {\n                font-size: 12px; \/* Smaller font size for smaller screens *\/\n            }\n            .image-container {\n                width: 80%; \/* Further reduce the width for mobile *\/\n                padding-top: 0; \/* Removed extra padding *\/\n                padding-bottom: 160px; \/* Add space on bottom if needed *\/\n            }\n        }\n    <\/style>\n<\/head>\n<body>\n    <div class=\"container\">\n        <div class=\"image-container\">\n            <img src=\"https:\/\/raw.githubusercontent.com\/Ding808\/Until-the-end-of-the-world\/main\/UntilTheEndOfTheWorld.png\">\n            <div class=\"caption\">until the end of the world...<\/div>\n        <\/div>\n    <\/div>\n<\/body>\n<\/html>","color_scheme":"","padding_top":60,"padding_bottom":0}}},"order":["custom_liquid_A6JeMq"]}