{"sections":{"main":{"type":"main-page","disabled":true,"settings":{"padding_top":28,"padding_bottom":28}},"custom_liquid_9akhHF":{"type":"custom-liquid","settings":{"custom_liquid":"<style>\n    .video-container {\n      margin-bottom: 40px;\n    }\n    .video-year {\n      text-align: center;\n      margin-bottom: 10px;\n      font-size: 14px;\n      color: red;\n    }\n    .video-content {\n      display: flex;\n      justify-content: space-between;\n      flex-direction: row;\n      align-items: center;\n    }\n    .video-section {\n      flex: 1;\n      padding: 0 20px;\n    }\n    .video-title {\n      font-size: 24px;\n      font-weight: bold;\n      text-align: left;\n      margin-bottom: 5px;\n    }\n    .video-author {\n      font-size: 14px;\n      text-align: left;\n    }\n    @media (max-width: 768px) {\n  .video-content {\n    display: flex;\n    flex-direction: column;\n    align-items: center;\n    justify-content: center;\n  }\n  .video-section {\n    padding: 0 5px;\n    margin-bottom: -5px; \/* Reduced space by adding negative margin *\/\n    width: 100%;\n    display: flex;\n    flex-direction: column;\n    align-items: center;\n  }\n  .video-title, .video-author {\n    text-align: center;\n    width: 100%;\n    display: block;\n    clear: both;\n  }\n  .video-title {\n    font-size: 14px;\n    font-weight: bold;\n    padding-top: 10px;\n  }\n  .video-author {\n    font-size: 10px;\n  }\n  .video-section iframe {\n    width: 240px;\n    height: 135px;\n    margin-top: -5px;\n  }\n}\n\n\n    @media (min-width: 1200px) {\n      .video-content {\n        justify-content: center;\n      }\n      .video-section {\n        max-width: 600px;\n      }\n      .video-section iframe {\n        max-width: 100%;\n      }\n    }\n  <\/style>\n  \n  <div style=\"padding: 20px;\">\n    <!-- 2024 Video -->\n    <div class=\"video-container\">\n      <div class=\"video-year\">2024<\/div>\n      <div class=\"video-content\">\n        <div class=\"video-section\">\n          <iframe width=\"100%\" height=\"315\" src=\"https:\/\/www.youtube.com\/embed\/o1tGJDY4jng?si=xaj4hvBzXBgVVb7v\" frameborder=\"0\" allowfullscreen><\/iframe>\n        <\/div>\n        <div class=\"video-section\">\n          <div class=\"video-title\">Keep going, until the end of the world...<\/div>\n          <div class=\"video-author\">By Ikebull & Jykeke0<\/div>\n        <\/div>\n      <\/div>\n    <\/div>\n    <div class=\"video-container\">\n      <div class=\"video-content\">\n        <div class=\"video-section\">\n          <iframe width=\"100%\" height=\"315\" src=\"https:\/\/www.youtube.com\/embed\/UN8vJ766CdI?si=Wm1W7mEiejlmLfco\" frameborder=\"0\" allowfullscreen><\/iframe>\n        <\/div>\n        <div class=\"video-section\">\n          <div class=\"video-title\">Error Code<\/div>\n          <div class=\"video-author\">By Kimo<\/div>\n        <\/div>\n      <\/div>\n    <\/div>\n    <div class=\"video-container\">\n      <div class=\"video-content\">\n        <div class=\"video-section\">\n          <iframe width=\"100%\" height=\"315\" src=\"https:\/\/www.youtube.com\/embed\/6EoYLzjz_Xw?si=M4lPHj9QYY0RyVmZ\" frameborder=\"0\" allowfullscreen><\/iframe>\n        <\/div>\n        <div class=\"video-section\">\n          <div class=\"video-title\">花と火 - with Firework<\/div>\n          <div class=\"video-author\">By Pla<\/div>\n        <\/div>\n      <\/div>\n    <\/div>\n    <div class=\"video-container\">\n      <div class=\"video-content\">\n        <div class=\"video-section\">\n          <iframe width=\"100%\" height=\"315\" src=\"https:\/\/www.youtube.com\/embed\/QJ8hh1-XW70?si=YG5DH6SrhbCALxQV\" frameborder=\"0\" allowfullscreen><\/iframe>\n        <\/div>\n        <div class=\"video-section\">\n          <div class=\"video-title\">夜の東京 - 'Tokyo at Night' <\/div>\n          <div class=\"video-author\">By Soki & Ryuki<\/div>\n        <\/div>\n      <\/div>\n    <\/div>\n    <div class=\"video-container\">\n      <div class=\"video-content\">\n        <div class=\"video-section\">\n          <iframe width=\"100%\" height=\"315\" src=\"https:\/\/www.youtube.com\/embed\/CBCG7a-o8VA\" frameborder=\"0\" allowfullscreen><\/iframe>\n        <\/div>\n        <div class=\"video-section\">\n          <div class=\"video-title\">New Message<\/div>\n          <div class=\"video-author\">By Afnaitey & Daitong<\/div>\n        <\/div>\n      <\/div>\n    <\/div>\n    <div class=\"video-container\">\n      <div class=\"video-content\">\n        <div class=\"video-section\">\n          <iframe width=\"100%\" height=\"315\" src=\"https:\/\/www.youtube.com\/embed\/2bb_uU2ZuXk\" frameborder=\"0\" allowfullscreen><\/iframe>\n        <\/div>\n        <div class=\"video-section\">\n          <div class=\"video-title\">Downtown<\/div>\n          <div class=\"video-author\">By Jykeke0<\/div>\n        <\/div>\n      <\/div>\n    <\/div>\n    <div class=\"video-container\">\n      <div class=\"video-content\">\n        <div class=\"video-section\">\n          <iframe width=\"100%\" height=\"315\" src=\"https:\/\/www.youtube.com\/embed\/V2IvIluGr-A\" frameborder=\"0\" allowfullscreen><\/iframe>\n        <\/div>\n        <div class=\"video-section\">\n          <div class=\"video-title\">Sunbath<\/div>\n          <div class=\"video-author\">By Ikebull<\/div>\n        <\/div>\n      <\/div>\n    <\/div>\n    <div class=\"video-container\">\n      <div class=\"video-content\">\n        <div class=\"video-section\">\n          <iframe width=\"100%\" height=\"315\" src=\"https:\/\/www.youtube.com\/embed\/86wVzIQ_pjg\" frameborder=\"0\" allowfullscreen><\/iframe>\n        <\/div>\n        <div class=\"video-section\">\n          <div class=\"video-title\">KEEP GOING<\/div>\n          <div class=\"video-author\">By Ikebull<\/div>\n        <\/div>\n      <\/div>\n    <\/div>\n    <div class=\"video-container\">\n      <div class=\"video-content\">\n        <div class=\"video-section\">\n          <iframe width=\"100%\" height=\"315\" src=\"https:\/\/www.youtube.com\/embed\/cH_pMmWqgyM\" frameborder=\"0\" allowfullscreen><\/iframe>\n        <\/div>\n        <div class=\"video-section\">\n          <div class=\"video-title\">Secret News<\/div>\n          <div class=\"video-author\">By Vexento LLC<\/div>\n        <\/div>\n      <\/div>\n    <\/div>\n  \n    <!-- 2023 Video -->\n    <div class=\"video-container\">\n      <div class=\"video-year\">2023<\/div>\n      <div class=\"video-content\">\n        <div class=\"video-section\">\n          <iframe width=\"100%\" height=\"315\" src=\"https:\/\/www.youtube.com\/embed\/PL0-i79BmcM\" frameborder=\"0\" allowfullscreen><\/iframe>\n        <\/div>\n        <div class=\"video-section\">\n          <div class=\"video-title\">AT WILL<\/div>\n          <div class=\"video-author\">2023 VLOG<\/div>\n        <\/div>\n      <\/div>\n    <\/div>\n  <\/div>\n    <div class=\"video-container\">\n      <div class=\"video-content\">\n        <div class=\"video-section\">\n          <iframe width=\"100%\" height=\"315\" src=\"https:\/\/www.youtube.com\/embed\/2d8CrmEyiSA\" frameborder=\"0\" allowfullscreen><\/iframe>\n        <\/div>\n        <div class=\"video-section\">\n          <div class=\"video-title\">Focus On<\/div>\n          <div class=\"video-author\">By Max Xu<\/div>\n        <\/div>\n      <\/div>\n    <\/div>\n  <\/div>\n  <div class=\"video-container\">\n    <div class=\"video-content\">\n      <div class=\"video-section\">\n        <iframe width=\"100%\" height=\"315\" src=\"https:\/\/www.youtube.com\/embed\/WMcy5t-l60E\" frameborder=\"0\" allowfullscreen><\/iframe>\n      <\/div>\n      <div class=\"video-section\">\n        <div class=\"video-title\">Deep In<\/div>\n        <div class=\"video-author\">By Lucifer<\/div>\n      <\/div>\n    <\/div>\n  <\/div>\n<\/div>\n<div class=\"video-container\">\n  <div class=\"video-content\">\n    <div class=\"video-section\">\n      <iframe width=\"100%\" height=\"315\" src=\"https:\/\/www.youtube.com\/embed\/SuOe9TMoHOE\" frameborder=\"0\" allowfullscreen><\/iframe>\n    <\/div>\n    <div class=\"video-section\">\n      <div class=\"video-title\">Reborn<\/div>\n      <div class=\"video-author\">By Akuan<\/div>\n    <\/div>\n  <\/div>\n<\/div>\n<\/div>\n<div class=\"video-container\">\n  <div class=\"video-content\">\n    <div class=\"video-section\">\n      <iframe width=\"100%\" height=\"315\" src=\"https:\/\/www.youtube.com\/embed\/fZA_ybcUP_Q\" frameborder=\"0\" allowfullscreen><\/iframe>\n    <\/div>\n    <div class=\"video-section\">\n      <div class=\"video-title\">Pre-Data<\/div>\n      <div class=\"video-author\">By Ty & Lunii<\/div>\n    <\/div>\n  <\/div>\n<\/div>\n<\/div>\n<div class=\"video-container\">\n  <div class=\"video-content\">\n    <div class=\"video-section\">\n      <iframe width=\"100%\" height=\"315\" src=\"https:\/\/www.youtube.com\/embed\/JzDTB45Lk-s\" frameborder=\"0\" allowfullscreen><\/iframe>\n    <\/div>\n    <div class=\"video-section\">\n      <div class=\"video-title\">Path<\/div>\n      <div class=\"video-author\">By Marui<\/div>\n    <\/div>\n  <\/div>\n<\/div>\n<\/div>\n<div class=\"video-container\">\n  <div class=\"video-content\">\n    <div class=\"video-section\">\n      <iframe width=\"100%\" height=\"315\" src=\"https:\/\/www.youtube.com\/embed\/Is2QVKx10w0\" frameborder=\"0\" allowfullscreen><\/iframe>\n    <\/div>\n    <div class=\"video-section\">\n      <div class=\"video-title\">Out Of Hiding<\/div>\n      <div class=\"video-author\">By Wong Yu & B Jean<\/div>\n    <\/div>\n  <\/div>\n<\/div>\n<\/div>\n\n    <div class=\"video-container\">\n      <div class=\"video-content\">\n        <div class=\"video-section\">\n          <iframe width=\"100%\" height=\"315\" src=\"https:\/\/www.youtube.com\/embed\/qDJXSzAeVaI\" frameborder=\"0\" allowfullscreen><\/iframe>\n        <\/div>\n        <div class=\"video-section\">\n          <div class=\"video-title\">Nothing<\/div>\n          <div class=\"video-author\">By Swirl<\/div>\n        <\/div>\n      <\/div>\n    <\/div>\n  <\/div>\n    <div class=\"video-container\">\n      <div class=\"video-content\">\n        <div class=\"video-section\">\n          <iframe width=\"100%\" height=\"315\" src=\"https:\/\/www.youtube.com\/embed\/MsGmV7qK9u4\" frameborder=\"0\" allowfullscreen><\/iframe>\n        <\/div>\n        <div class=\"video-section\">\n          <div class=\"video-title\">Ars Nova<\/div>\n          <div class=\"video-author\">By Ty & LUNII<\/div>\n        <\/div>\n      <\/div>\n    <\/div>\n  <\/div>\n\n\n   <!-- 2022 Video -->\n   <div class=\"video-container\">\n    <div class=\"video-year\">2022<\/div>\n    <div class=\"video-content\">\n      <div class=\"video-section\">\n        <iframe width=\"100%\" height=\"315\" src=\"https:\/\/www.youtube.com\/embed\/3VXUuUfmmys\" frameborder=\"0\" allowfullscreen><\/iframe>\n      <\/div>\n      <div class=\"video-section\">\n        <div class=\"video-title\">Erelong<\/div>\n        <div class=\"video-author\">By Tse<\/div>\n      <\/div>\n    <\/div>\n  <\/div>\n<\/div>\n   <div class=\"video-container\">\n    <div class=\"video-content\">\n      <div class=\"video-section\">\n        <iframe width=\"100%\" height=\"315\" src=\"https:\/\/www.youtube.com\/embed\/fiXMjwHlwqI\" frameborder=\"0\" allowfullscreen><\/iframe>\n      <\/div>\n      <div class=\"video-section\">\n        <div class=\"video-title\">Clock Paradox<\/div>\n        <div class=\"video-author\">By AKuan & Ty<\/div>\n      <\/div>\n    <\/div>\n  <\/div>\n<\/div>","color_scheme":"","padding_top":40,"padding_bottom":52}}},"order":["main","custom_liquid_9akhHF"]}